[
    {
        "id": 1,
        "code": 10,
        "name_in_thai": "กรุงเทพมหานคร",
        "name_in_english": "Bangkok"
    },
    {
        "id": 2,
        "code": 11,
        "name_in_thai": "สมุทรปราการ",
        "name_in_english": "Samut Prakarn"
    },
    {
        "id": 3,
        "code": 12,
        "name_in_thai": "นนทบุรี",
        "name_in_english": "Nonthaburi"
    },
    {
        "id": 4,
        "code": 13,
        "name_in_thai": "ปทุมธานี",
        "name_in_english": "Pathum Thani"
    },
    {
        "id": 5,
        "code": 14,
        "name_in_thai": "พระนครศรีอยุธยา",
        "name_in_english": "Phra Nakhon Si Ayutthaya"
    },
    {
        "id": 6,
        "code": 15,
        "name_in_thai": "อ่างทอง",
        "name_in_english": "Ang Thong"
    },
    {
        "id": 7,
        "code": 16,
        "name_in_thai": "ลพบุรี",
        "name_in_english": "Lop Buri"
    },
    {
        "id": 8,
        "code": 17,
        "name_in_thai": "สิงห์บุรี",
        "name_in_english": "Sing Buri"
    },
    {
        "id": 9,
        "code": 18,
        "name_in_thai": "ชัยนาท",
        "name_in_english": "Chai Nat"
    },
    {
        "id": 10,
        "code": 19,
        "name_in_thai": "สระบุรี",
        "name_in_english": "Saraburi"
    },
    {
        "id": 11,
        "code": 20,
        "name_in_thai": "ชลบุรี",
        "name_in_english": "Chon Buri"
    },
    {
        "id": 12,
        "code": 21,
        "name_in_thai": "ระยอง",
        "name_in_english": "Rayong"
    },
    {
        "id": 13,
        "code": 22,
        "name_in_thai": "จันทบุรี",
        "name_in_english": "Chanthaburi"
    },
    { "id": 14, "code": 23, "name_in_thai": "ตราด", "name_in_english": "Trat" },
    {
        "id": 15,
        "code": 24,
        "name_in_thai": "ฉะเชิงเทรา",
        "name_in_english": "Chachoengsao"
    },
    {
        "id": 16,
        "code": 25,
        "name_in_thai": "ปราจีนบุรี",
        "name_in_english": "Prachin Buri"
    },
    {
        "id": 17,
        "code": 26,
        "name_in_thai": "นครนายก",
        "name_in_english": "Nakhon Nayok"
    },
    {
        "id": 18,
        "code": 27,
        "name_in_thai": "สระแก้ว",
        "name_in_english": "Sa kaeo"
    },
    {
        "id": 19,
        "code": 30,
        "name_in_thai": "นครราชสีมา",
        "name_in_english": "Nakhon Ratchasima"
    },
    {
        "id": 20,
        "code": 31,
        "name_in_thai": "บุรีรัมย์",
        "name_in_english": "Buri Ram"
    },
    {
        "id": 21,
        "code": 32,
        "name_in_thai": "สุรินทร์",
        "name_in_english": "Surin"
    },
    {
        "id": 22,
        "code": 33,
        "name_in_thai": "ศรีสะเกษ",
        "name_in_english": "Si Sa Ket"
    },
    {
        "id": 23,
        "code": 34,
        "name_in_thai": "อุบลราชธานี",
        "name_in_english": "Ubon Ratchathani"
    },
    {
        "id": 24,
        "code": 35,
        "name_in_thai": "ยโสธร",
        "name_in_english": "Yasothon"
    },
    {
        "id": 25,
        "code": 36,
        "name_in_thai": "ชัยภูมิ",
        "name_in_english": "Chaiyaphum"
    },
    {
        "id": 26,
        "code": 37,
        "name_in_thai": "อำนาจเจริญ",
        "name_in_english": "Amnat Charoen"
    },
    {
        "id": 27,
        "code": 38,
        "name_in_thai": "บึงกาฬ",
        "name_in_english": "Bueng Kan"
    },
    {
        "id": 28,
        "code": 39,
        "name_in_thai": "หนองบัวลำภู",
        "name_in_english": "Nong Bua Lam Phu"
    },
    {
        "id": 29,
        "code": 40,
        "name_in_thai": "ขอนแก่น",
        "name_in_english": "Khon Kaen"
    },
    {
        "id": 30,
        "code": 41,
        "name_in_thai": "อุดรธานี",
        "name_in_english": "Udon Thani"
    },
    { "id": 31, "code": 42, "name_in_thai": "เลย", "name_in_english": "Loei" },
    {
        "id": 32,
        "code": 43,
        "name_in_thai": "หนองคาย",
        "name_in_english": "Nong Khai"
    },
    {
        "id": 33,
        "code": 44,
        "name_in_thai": "มหาสารคาม",
        "name_in_english": "Maha Sarakham"
    },
    {
        "id": 34,
        "code": 45,
        "name_in_thai": "ร้อยเอ็ด",
        "name_in_english": "Roi Et"
    },
    {
        "id": 35,
        "code": 46,
        "name_in_thai": "กาฬสินธุ์",
        "name_in_english": "Kalasin"
    },
    {
        "id": 36,
        "code": 47,
        "name_in_thai": "สกลนคร",
        "name_in_english": "Sakon Nakhon"
    },
    {
        "id": 37,
        "code": 48,
        "name_in_thai": "นครพนม",
        "name_in_english": "Nakhon Phanom"
    },
    {
        "id": 38,
        "code": 49,
        "name_in_thai": "มุกดาหาร",
        "name_in_english": "Mukdahan"
    },
    {
        "id": 39,
        "code": 50,
        "name_in_thai": "เชียงใหม่",
        "name_in_english": "Chiang Mai"
    },
    {
        "id": 40,
        "code": 51,
        "name_in_thai": "ลำพูน",
        "name_in_english": "Lamphun"
    },
    {
        "id": 41,
        "code": 52,
        "name_in_thai": "ลำปาง",
        "name_in_english": "Lampang"
    },
    {
        "id": 42,
        "code": 53,
        "name_in_thai": "อุตรดิตถ์",
        "name_in_english": "Uttaradit"
    },
    {
        "id": 43,
        "code": 54,
        "name_in_thai": "แพร่",
        "name_in_english": "Phrae"
    },
    { "id": 44, "code": 55, "name_in_thai": "น่าน", "name_in_english": "Nan" },
    {
        "id": 45,
        "code": 56,
        "name_in_thai": "พะเยา",
        "name_in_english": "Phayao"
    },
    {
        "id": 46,
        "code": 57,
        "name_in_thai": "เชียงราย",
        "name_in_english": "Chiang Rai"
    },
    {
        "id": 47,
        "code": 58,
        "name_in_thai": "แม่ฮ่องสอน",
        "name_in_english": "Mae Hong Son"
    },
    {
        "id": 48,
        "code": 60,
        "name_in_thai": "นครสวรรค์",
        "name_in_english": "Nakhon Sawan"
    },
    {
        "id": 49,
        "code": 61,
        "name_in_thai": "อุทัยธานี",
        "name_in_english": "Uthai Thani"
    },
    {
        "id": 50,
        "code": 62,
        "name_in_thai": "กำแพงเพชร",
        "name_in_english": "Kamphaeng Phet"
    },
    { "id": 51, "code": 63, "name_in_thai": "ตาก", "name_in_english": "Tak" },
    {
        "id": 52,
        "code": 64,
        "name_in_thai": "สุโขทัย",
        "name_in_english": "Sukhothai"
    },
    {
        "id": 53,
        "code": 65,
        "name_in_thai": "พิษณุโลก",
        "name_in_english": "Phitsanulok"
    },
    {
        "id": 54,
        "code": 66,
        "name_in_thai": "พิจิตร",
        "name_in_english": "Phichit"
    },
    {
        "id": 55,
        "code": 67,
        "name_in_thai": "เพชรบูรณ์",
        "name_in_english": "Phetchabun"
    },
    {
        "id": 56,
        "code": 70,
        "name_in_thai": "ราชบุรี",
        "name_in_english": "Ratchaburi"
    },
    {
        "id": 57,
        "code": 71,
        "name_in_thai": "กาญจนบุรี",
        "name_in_english": "Kanchanaburi"
    },
    {
        "id": 58,
        "code": 72,
        "name_in_thai": "สุพรรณบุรี",
        "name_in_english": "Suphan Buri"
    },
    {
        "id": 59,
        "code": 73,
        "name_in_thai": "นครปฐม",
        "name_in_english": "Nakhon Pathom"
    },
    {
        "id": 60,
        "code": 74,
        "name_in_thai": "สมุทรสาคร",
        "name_in_english": "Samut Sakhon"
    },
    {
        "id": 61,
        "code": 75,
        "name_in_thai": "สมุทรสงคราม",
        "name_in_english": "Samut Songkhram"
    },
    {
        "id": 62,
        "code": 76,
        "name_in_thai": "เพชรบุรี",
        "name_in_english": "Phetchaburi"
    },
    {
        "id": 63,
        "code": 77,
        "name_in_thai": "ประจวบคีรีขันธ์",
        "name_in_english": "Prachuap Khiri Khan"
    },
    {
        "id": 64,
        "code": 80,
        "name_in_thai": "นครศรีธรรมราช",
        "name_in_english": "Nakhon Si Thammarat"
    },
    {
        "id": 65,
        "code": 81,
        "name_in_thai": "กระบี่",
        "name_in_english": "Krabi"
    },
    {
        "id": 66,
        "code": 82,
        "name_in_thai": "พังงา",
        "name_in_english": "Phang-nga"
    },
    {
        "id": 67,
        "code": 83,
        "name_in_thai": "ภูเก็ต",
        "name_in_english": "Phuket"
    },
    {
        "id": 68,
        "code": 84,
        "name_in_thai": "สุราษฎร์ธานี",
        "name_in_english": "Surat Thani"
    },
    {
        "id": 69,
        "code": 85,
        "name_in_thai": "ระนอง",
        "name_in_english": "Ranong"
    },
    {
        "id": 70,
        "code": 86,
        "name_in_thai": "ชุมพร",
        "name_in_english": "Chumphon"
    },
    {
        "id": 71,
        "code": 90,
        "name_in_thai": "สงขลา",
        "name_in_english": "Songkhla"
    },
    {
        "id": 72,
        "code": 91,
        "name_in_thai": "สตูล",
        "name_in_english": "Satun"
    },
    {
        "id": 73,
        "code": 92,
        "name_in_thai": "ตรัง",
        "name_in_english": "Trang"
    },
    {
        "id": 74,
        "code": 93,
        "name_in_thai": "พัทลุง",
        "name_in_english": "Phatthalung"
    },
    {
        "id": 75,
        "code": 94,
        "name_in_thai": "ปัตตานี",
        "name_in_english": "Pattani"
    },
    { "id": 76, "code": 95, "name_in_thai": "ยะลา", "name_in_english": "Yala" },
    {
        "id": 77,
        "code": 96,
        "name_in_thai": "นราธิวาส",
        "name_in_english": "Narathiwat"
    }
]